--------------------------------------------------------
--  File created - Wednesday-December-21-2022   
--------------------------------------------------------
--------------------------------------------------------
--  DDL for Table CAMPUS
--------------------------------------------------------

  CREATE TABLE "HR"."CAMPUS" 
   (	"CAMPUS_ID" VARCHAR2(5 BYTE), 
	"CAMPUS_NAME" VARCHAR2(100 BYTE), 
	"STREET" VARCHAR2(100 BYTE), 
	"CITY" VARCHAR2(100 BYTE), 
	"STATE" VARCHAR2(100 BYTE), 
	"ZIP" VARCHAR2(100 BYTE), 
	"PHONE" VARCHAR2(100 BYTE), 
	"CAMPUS_DISCOUNT" NUMBER(2,2)
   ) SEGMENT CREATION IMMEDIATE 
  PCTFREE 10 PCTUSED 40 INITRANS 1 MAXTRANS 255 
 NOCOMPRESS LOGGING
  STORAGE(INITIAL 65536 NEXT 1048576 MINEXTENTS 1 MAXEXTENTS 2147483645
  PCTINCREASE 0 FREELISTS 1 FREELIST GROUPS 1
  BUFFER_POOL DEFAULT FLASH_CACHE DEFAULT CELL_FLASH_CACHE DEFAULT)
  TABLESPACE "SYSAUX" ;
--------------------------------------------------------
--  DDL for Table POSITION
--------------------------------------------------------

  CREATE TABLE "HR"."POSITION" 
   (	"POSITION_ID" VARCHAR2(5 BYTE), 
	"POSITION" VARCHAR2(100 BYTE), 
	"YEARLY_MEMBERSHIPFREE" NUMBER(7,2)
   ) SEGMENT CREATION IMMEDIATE 
  PCTFREE 10 PCTUSED 40 INITRANS 1 MAXTRANS 255 
 NOCOMPRESS LOGGING
  STORAGE(INITIAL 65536 NEXT 1048576 MINEXTENTS 1 MAXEXTENTS 2147483645
  PCTINCREASE 0 FREELISTS 1 FREELIST GROUPS 1
  BUFFER_POOL DEFAULT FLASH_CACHE DEFAULT CELL_FLASH_CACHE DEFAULT)
  TABLESPACE "SYSAUX" ;
--------------------------------------------------------
--  DDL for Table MEMBERS
--------------------------------------------------------

  CREATE TABLE "HR"."MEMBERS" 
   (	"MEMBER_ID" VARCHAR2(5 BYTE), 
	"LAST_NAME" VARCHAR2(100 BYTE), 
	"FIRST_NAME" VARCHAR2(100 BYTE), 
	"CAMPUS_ADDRESS" VARCHAR2(100 BYTE), 
	"CAMPUS_PHONE" VARCHAR2(100 BYTE), 
	"CAMPUS_ID" VARCHAR2(5 BYTE), 
	"POSITION_ID" VARCHAR2(5 BYTE), 
	"CONTRACT_DURATION" NUMBER(*,0)
   ) SEGMENT CREATION IMMEDIATE 
  PCTFREE 10 PCTUSED 40 INITRANS 1 MAXTRANS 255 
 NOCOMPRESS LOGGING
  STORAGE(INITIAL 65536 NEXT 1048576 MINEXTENTS 1 MAXEXTENTS 2147483645
  PCTINCREASE 0 FREELISTS 1 FREELIST GROUPS 1
  BUFFER_POOL DEFAULT FLASH_CACHE DEFAULT CELL_FLASH_CACHE DEFAULT)
  TABLESPACE "SYSAUX" ;
--------------------------------------------------------
--  DDL for Table PRICES
--------------------------------------------------------

  CREATE TABLE "HR"."PRICES" 
   (	"FOOD_ITEM_TYPE_ID" NUMBER(20,0), 
	"MEAL_TYPE" VARCHAR2(100 BYTE), 
	"MEAL_PRICE" NUMBER(7,2)
   ) SEGMENT CREATION IMMEDIATE 
  PCTFREE 10 PCTUSED 40 INITRANS 1 MAXTRANS 255 
 NOCOMPRESS LOGGING
  STORAGE(INITIAL 65536 NEXT 1048576 MINEXTENTS 1 MAXEXTENTS 2147483645
  PCTINCREASE 0 FREELISTS 1 FREELIST GROUPS 1
  BUFFER_POOL DEFAULT FLASH_CACHE DEFAULT CELL_FLASH_CACHE DEFAULT)
  TABLESPACE "SYSAUX" ;
--------------------------------------------------------
--  DDL for Table FOOD_ITEMS
--------------------------------------------------------

  CREATE TABLE "HR"."FOOD_ITEMS" 
   (	"FOOD_ITEM_ID" VARCHAR2(5 BYTE), 
	"FOOD_ITEM_NAME" VARCHAR2(100 BYTE), 
	"FOOD_ITEM_TYPE_ID" NUMBER(20,0)
   ) SEGMENT CREATION IMMEDIATE 
  PCTFREE 10 PCTUSED 40 INITRANS 1 MAXTRANS 255 
 NOCOMPRESS LOGGING
  STORAGE(INITIAL 65536 NEXT 1048576 MINEXTENTS 1 MAXEXTENTS 2147483645
  PCTINCREASE 0 FREELISTS 1 FREELIST GROUPS 1
  BUFFER_POOL DEFAULT FLASH_CACHE DEFAULT CELL_FLASH_CACHE DEFAULT)
  TABLESPACE "SYSAUX" ;
--------------------------------------------------------
--  DDL for Table ORDERS
--------------------------------------------------------

  CREATE TABLE "HR"."ORDERS" 
   (	"ORDER_ID" VARCHAR2(5 BYTE), 
	"MEMBER_ID" VARCHAR2(5 BYTE), 
	"ORDER_DATE" VARCHAR2(25 BYTE)
   ) SEGMENT CREATION IMMEDIATE 
  PCTFREE 10 PCTUSED 40 INITRANS 1 MAXTRANS 255 
 NOCOMPRESS LOGGING
  STORAGE(INITIAL 65536 NEXT 1048576 MINEXTENTS 1 MAXEXTENTS 2147483645
  PCTINCREASE 0 FREELISTS 1 FREELIST GROUPS 1
  BUFFER_POOL DEFAULT FLASH_CACHE DEFAULT CELL_FLASH_CACHE DEFAULT)
  TABLESPACE "SYSAUX" ;
--------------------------------------------------------
--  DDL for Table ORDER_LINE
--------------------------------------------------------

  CREATE TABLE "HR"."ORDER_LINE" 
   (	"ORDER_ID" VARCHAR2(5 BYTE), 
	"FOOD_ITEMS_ID" VARCHAR2(5 BYTE), 
	"QUANTITY" NUMBER(*,0)
   ) SEGMENT CREATION IMMEDIATE 
  PCTFREE 10 PCTUSED 40 INITRANS 1 MAXTRANS 255 
 NOCOMPRESS LOGGING
  STORAGE(INITIAL 65536 NEXT 1048576 MINEXTENTS 1 MAXEXTENTS 2147483645
  PCTINCREASE 0 FREELISTS 1 FREELIST GROUPS 1
  BUFFER_POOL DEFAULT FLASH_CACHE DEFAULT CELL_FLASH_CACHE DEFAULT)
  TABLESPACE "SYSAUX" ;
REM INSERTING into HR.CAMPUS
SET DEFINE OFF;
Insert into HR.CAMPUS (CAMPUS_ID,CAMPUS_NAME,STREET,CITY,STATE,ZIP,PHONE,CAMPUS_DISCOUNT) values ('1','IUPUI','425 University Blvd.','Indianapolis','IN','46202','317-274-4591',0.08);
Insert into HR.CAMPUS (CAMPUS_ID,CAMPUS_NAME,STREET,CITY,STATE,ZIP,PHONE,CAMPUS_DISCOUNT) values ('2','Indiana University','107 S. Indiana Ave.','Bloomington','IN','47405','812-855-4848',0.07);
Insert into HR.CAMPUS (CAMPUS_ID,CAMPUS_NAME,STREET,CITY,STATE,ZIP,PHONE,CAMPUS_DISCOUNT) values ('3','Purdue University','475 Stadium Mall Drive','West Lafayette','IN','47907','765-494-1776',0.06);
REM INSERTING into HR.POSITION
SET DEFINE OFF;
Insert into HR.POSITION (POSITION_ID,POSITION,YEARLY_MEMBERSHIPFREE) values ('1','Lecturer',1050.5);
Insert into HR.POSITION (POSITION_ID,POSITION,YEARLY_MEMBERSHIPFREE) values ('2','Associate Professor',900.5);
Insert into HR.POSITION (POSITION_ID,POSITION,YEARLY_MEMBERSHIPFREE) values ('3','Assistant Professor',875.5);
Insert into HR.POSITION (POSITION_ID,POSITION,YEARLY_MEMBERSHIPFREE) values ('4','Professor',700.75);
Insert into HR.POSITION (POSITION_ID,POSITION,YEARLY_MEMBERSHIPFREE) values ('5','Full Professor',500.5);
REM INSERTING into HR.MEMBERS
SET DEFINE OFF;
Insert into HR.MEMBERS (MEMBER_ID,LAST_NAME,FIRST_NAME,CAMPUS_ADDRESS,CAMPUS_PHONE,CAMPUS_ID,POSITION_ID,CONTRACT_DURATION) values ('1','Ellen','Monk','009 Purnell','812-123-1234','2','5',12);
Insert into HR.MEMBERS (MEMBER_ID,LAST_NAME,FIRST_NAME,CAMPUS_ADDRESS,CAMPUS_PHONE,CAMPUS_ID,POSITION_ID,CONTRACT_DURATION) values ('2','Joe','Brady','008 Statford Hall','765-234-2345','3','2',10);
Insert into HR.MEMBERS (MEMBER_ID,LAST_NAME,FIRST_NAME,CAMPUS_ADDRESS,CAMPUS_PHONE,CAMPUS_ID,POSITION_ID,CONTRACT_DURATION) values ('3','Dave','Davidson','007 Purnell','812-345-3456','2','3',10);
Insert into HR.MEMBERS (MEMBER_ID,LAST_NAME,FIRST_NAME,CAMPUS_ADDRESS,CAMPUS_PHONE,CAMPUS_ID,POSITION_ID,CONTRACT_DURATION) values ('4','Sebastian','Cole','210 Rutherford Hall','765-234-2345','3','5',10);
Insert into HR.MEMBERS (MEMBER_ID,LAST_NAME,FIRST_NAME,CAMPUS_ADDRESS,CAMPUS_PHONE,CAMPUS_ID,POSITION_ID,CONTRACT_DURATION) values ('5','Michael','Doo','66C Peobody','812-548-8956','2','1',10);
Insert into HR.MEMBERS (MEMBER_ID,LAST_NAME,FIRST_NAME,CAMPUS_ADDRESS,CAMPUS_PHONE,CAMPUS_ID,POSITION_ID,CONTRACT_DURATION) values ('6','Jerome','Clark','SL 220','317-274-9766','1','1',12);
Insert into HR.MEMBERS (MEMBER_ID,LAST_NAME,FIRST_NAME,CAMPUS_ADDRESS,CAMPUS_PHONE,CAMPUS_ID,POSITION_ID,CONTRACT_DURATION) values ('7','Bob','House','ET 329','317-278-9098','1','4',10);
Insert into HR.MEMBERS (MEMBER_ID,LAST_NAME,FIRST_NAME,CAMPUS_ADDRESS,CAMPUS_PHONE,CAMPUS_ID,POSITION_ID,CONTRACT_DURATION) values ('8','Bridget','Stanley','SI 234','317-274-5678','1','1',12);
Insert into HR.MEMBERS (MEMBER_ID,LAST_NAME,FIRST_NAME,CAMPUS_ADDRESS,CAMPUS_PHONE,CAMPUS_ID,POSITION_ID,CONTRACT_DURATION) values ('9','Bradley','Wilson','334 Statford Hall','765-258-2567','3','2',10);
REM INSERTING into HR.PRICES
SET DEFINE OFF;
Insert into HR.PRICES (FOOD_ITEM_TYPE_ID,MEAL_TYPE,MEAL_PRICE) values (1,'Beer/Wine',5.5);
Insert into HR.PRICES (FOOD_ITEM_TYPE_ID,MEAL_TYPE,MEAL_PRICE) values (2,'Dessert',2.75);
Insert into HR.PRICES (FOOD_ITEM_TYPE_ID,MEAL_TYPE,MEAL_PRICE) values (3,'Dinner',15.5);
Insert into HR.PRICES (FOOD_ITEM_TYPE_ID,MEAL_TYPE,MEAL_PRICE) values (4,'Soft Drink',2.5);
Insert into HR.PRICES (FOOD_ITEM_TYPE_ID,MEAL_TYPE,MEAL_PRICE) values (5,'Lunch',7.25);
REM INSERTING into HR.FOOD_ITEMS
SET DEFINE OFF;
Insert into HR.FOOD_ITEMS (FOOD_ITEM_ID,FOOD_ITEM_NAME,FOOD_ITEM_TYPE_ID) values ('10001','Lager',1);
Insert into HR.FOOD_ITEMS (FOOD_ITEM_ID,FOOD_ITEM_NAME,FOOD_ITEM_TYPE_ID) values ('10002','Red Wine',1);
Insert into HR.FOOD_ITEMS (FOOD_ITEM_ID,FOOD_ITEM_NAME,FOOD_ITEM_TYPE_ID) values ('10003','White Wine',1);
Insert into HR.FOOD_ITEMS (FOOD_ITEM_ID,FOOD_ITEM_NAME,FOOD_ITEM_TYPE_ID) values ('10004','Coke',4);
Insert into HR.FOOD_ITEMS (FOOD_ITEM_ID,FOOD_ITEM_NAME,FOOD_ITEM_TYPE_ID) values ('10005','Coffee',4);
Insert into HR.FOOD_ITEMS (FOOD_ITEM_ID,FOOD_ITEM_NAME,FOOD_ITEM_TYPE_ID) values ('10006','Chicken a la King',3);
Insert into HR.FOOD_ITEMS (FOOD_ITEM_ID,FOOD_ITEM_NAME,FOOD_ITEM_TYPE_ID) values ('10007','Rib Steak',3);
Insert into HR.FOOD_ITEMS (FOOD_ITEM_ID,FOOD_ITEM_NAME,FOOD_ITEM_TYPE_ID) values ('10008','Fish and Chips',3);
Insert into HR.FOOD_ITEMS (FOOD_ITEM_ID,FOOD_ITEM_NAME,FOOD_ITEM_TYPE_ID) values ('10009','Veggie Delight',3);
Insert into HR.FOOD_ITEMS (FOOD_ITEM_ID,FOOD_ITEM_NAME,FOOD_ITEM_TYPE_ID) values ('10010','Chocolate Mousse',2);
Insert into HR.FOOD_ITEMS (FOOD_ITEM_ID,FOOD_ITEM_NAME,FOOD_ITEM_TYPE_ID) values ('10011','Carrot Cake',2);
Insert into HR.FOOD_ITEMS (FOOD_ITEM_ID,FOOD_ITEM_NAME,FOOD_ITEM_TYPE_ID) values ('10012','Fruit Cup',2);
Insert into HR.FOOD_ITEMS (FOOD_ITEM_ID,FOOD_ITEM_NAME,FOOD_ITEM_TYPE_ID) values ('10013','Fish and Chips',5);
Insert into HR.FOOD_ITEMS (FOOD_ITEM_ID,FOOD_ITEM_NAME,FOOD_ITEM_TYPE_ID) values ('10014','Angus Beef Burger',5);
Insert into HR.FOOD_ITEMS (FOOD_ITEM_ID,FOOD_ITEM_NAME,FOOD_ITEM_TYPE_ID) values ('10015','Cobb Salad',5);
REM INSERTING into HR.ORDERS
SET DEFINE OFF;
Insert into HR.ORDERS (ORDER_ID,MEMBER_ID,ORDER_DATE) values ('1','9','March 5, 2005');
Insert into HR.ORDERS (ORDER_ID,MEMBER_ID,ORDER_DATE) values ('2','8','March 5, 2005');
Insert into HR.ORDERS (ORDER_ID,MEMBER_ID,ORDER_DATE) values ('3','7','March 5, 2005');
Insert into HR.ORDERS (ORDER_ID,MEMBER_ID,ORDER_DATE) values ('4','6','March 7, 2005');
Insert into HR.ORDERS (ORDER_ID,MEMBER_ID,ORDER_DATE) values ('5','5','March 7, 2005');
Insert into HR.ORDERS (ORDER_ID,MEMBER_ID,ORDER_DATE) values ('6','4','March 10, 2005');
REM INSERTING into HR.ORDER_LINE
SET DEFINE OFF;
Insert into HR.ORDER_LINE (ORDER_ID,FOOD_ITEMS_ID,QUANTITY) values ('1','10001',1);
Insert into HR.ORDER_LINE (ORDER_ID,FOOD_ITEMS_ID,QUANTITY) values ('1','10006',1);
Insert into HR.ORDER_LINE (ORDER_ID,FOOD_ITEMS_ID,QUANTITY) values ('1','10012',1);
Insert into HR.ORDER_LINE (ORDER_ID,FOOD_ITEMS_ID,QUANTITY) values ('2','10004',2);
Insert into HR.ORDER_LINE (ORDER_ID,FOOD_ITEMS_ID,QUANTITY) values ('2','10013',1);
Insert into HR.ORDER_LINE (ORDER_ID,FOOD_ITEMS_ID,QUANTITY) values ('2','10014',1);
Insert into HR.ORDER_LINE (ORDER_ID,FOOD_ITEMS_ID,QUANTITY) values ('3','10005',1);
Insert into HR.ORDER_LINE (ORDER_ID,FOOD_ITEMS_ID,QUANTITY) values ('3','10011',1);
Insert into HR.ORDER_LINE (ORDER_ID,FOOD_ITEMS_ID,QUANTITY) values ('4','10005',2);
Insert into HR.ORDER_LINE (ORDER_ID,FOOD_ITEMS_ID,QUANTITY) values ('4','10004',2);
Insert into HR.ORDER_LINE (ORDER_ID,FOOD_ITEMS_ID,QUANTITY) values ('4','10006',1);
Insert into HR.ORDER_LINE (ORDER_ID,FOOD_ITEMS_ID,QUANTITY) values ('4','10007',1);
Insert into HR.ORDER_LINE (ORDER_ID,FOOD_ITEMS_ID,QUANTITY) values ('4','10010',2);
Insert into HR.ORDER_LINE (ORDER_ID,FOOD_ITEMS_ID,QUANTITY) values ('5','10003',1);
Insert into HR.ORDER_LINE (ORDER_ID,FOOD_ITEMS_ID,QUANTITY) values ('6','10002',2);
Insert into HR.ORDER_LINE (ORDER_ID,FOOD_ITEMS_ID,QUANTITY) values ('6','10005',2);
Insert into HR.ORDER_LINE (ORDER_ID,FOOD_ITEMS_ID,QUANTITY) values ('5','10005',1);
Insert into HR.ORDER_LINE (ORDER_ID,FOOD_ITEMS_ID,QUANTITY) values ('6','10011',1);
Insert into HR.ORDER_LINE (ORDER_ID,FOOD_ITEMS_ID,QUANTITY) values ('6','10001',1);
--------------------------------------------------------
--  DDL for Index CAMPUS_PK
--------------------------------------------------------

  CREATE UNIQUE INDEX "HR"."CAMPUS_PK" ON "HR"."CAMPUS" ("CAMPUS_ID") 
  PCTFREE 10 INITRANS 2 MAXTRANS 255 
  STORAGE(INITIAL 65536 NEXT 1048576 MINEXTENTS 1 MAXEXTENTS 2147483645
  PCTINCREASE 0 FREELISTS 1 FREELIST GROUPS 1
  BUFFER_POOL DEFAULT FLASH_CACHE DEFAULT CELL_FLASH_CACHE DEFAULT)
  TABLESPACE "SYSAUX" ;
--------------------------------------------------------
--  DDL for Index POSITION_PK
--------------------------------------------------------

  CREATE UNIQUE INDEX "HR"."POSITION_PK" ON "HR"."POSITION" ("POSITION_ID") 
  PCTFREE 10 INITRANS 2 MAXTRANS 255 
  STORAGE(INITIAL 65536 NEXT 1048576 MINEXTENTS 1 MAXEXTENTS 2147483645
  PCTINCREASE 0 FREELISTS 1 FREELIST GROUPS 1
  BUFFER_POOL DEFAULT FLASH_CACHE DEFAULT CELL_FLASH_CACHE DEFAULT)
  TABLESPACE "SYSAUX" ;
--------------------------------------------------------
--  DDL for Index MEMBERS_PK
--------------------------------------------------------

  CREATE UNIQUE INDEX "HR"."MEMBERS_PK" ON "HR"."MEMBERS" ("MEMBER_ID") 
  PCTFREE 10 INITRANS 2 MAXTRANS 255 
  STORAGE(INITIAL 65536 NEXT 1048576 MINEXTENTS 1 MAXEXTENTS 2147483645
  PCTINCREASE 0 FREELISTS 1 FREELIST GROUPS 1
  BUFFER_POOL DEFAULT FLASH_CACHE DEFAULT CELL_FLASH_CACHE DEFAULT)
  TABLESPACE "SYSAUX" ;
--------------------------------------------------------
--  DDL for Index PRICE_PK
--------------------------------------------------------

  CREATE UNIQUE INDEX "HR"."PRICE_PK" ON "HR"."PRICES" ("FOOD_ITEM_TYPE_ID") 
  PCTFREE 10 INITRANS 2 MAXTRANS 255 
  STORAGE(INITIAL 65536 NEXT 1048576 MINEXTENTS 1 MAXEXTENTS 2147483645
  PCTINCREASE 0 FREELISTS 1 FREELIST GROUPS 1
  BUFFER_POOL DEFAULT FLASH_CACHE DEFAULT CELL_FLASH_CACHE DEFAULT)
  TABLESPACE "SYSAUX" ;
--------------------------------------------------------
--  DDL for Index FOOD_ITEMS_PK
--------------------------------------------------------

  CREATE UNIQUE INDEX "HR"."FOOD_ITEMS_PK" ON "HR"."FOOD_ITEMS" ("FOOD_ITEM_ID") 
  PCTFREE 10 INITRANS 2 MAXTRANS 255 
  STORAGE(INITIAL 65536 NEXT 1048576 MINEXTENTS 1 MAXEXTENTS 2147483645
  PCTINCREASE 0 FREELISTS 1 FREELIST GROUPS 1
  BUFFER_POOL DEFAULT FLASH_CACHE DEFAULT CELL_FLASH_CACHE DEFAULT)
  TABLESPACE "SYSAUX" ;
--------------------------------------------------------
--  DDL for Index ORDERS_PK
--------------------------------------------------------

  CREATE UNIQUE INDEX "HR"."ORDERS_PK" ON "HR"."ORDERS" ("ORDER_ID") 
  PCTFREE 10 INITRANS 2 MAXTRANS 255 
  STORAGE(INITIAL 65536 NEXT 1048576 MINEXTENTS 1 MAXEXTENTS 2147483645
  PCTINCREASE 0 FREELISTS 1 FREELIST GROUPS 1
  BUFFER_POOL DEFAULT FLASH_CACHE DEFAULT CELL_FLASH_CACHE DEFAULT)
  TABLESPACE "SYSAUX" ;
--------------------------------------------------------
--  DDL for Index ORDER_LINE_PK
--------------------------------------------------------

  CREATE UNIQUE INDEX "HR"."ORDER_LINE_PK" ON "HR"."ORDER_LINE" ("ORDER_ID", "FOOD_ITEMS_ID") 
  PCTFREE 10 INITRANS 2 MAXTRANS 255 COMPUTE STATISTICS 
  STORAGE(INITIAL 65536 NEXT 1048576 MINEXTENTS 1 MAXEXTENTS 2147483645
  PCTINCREASE 0 FREELISTS 1 FREELIST GROUPS 1
  BUFFER_POOL DEFAULT FLASH_CACHE DEFAULT CELL_FLASH_CACHE DEFAULT)
  TABLESPACE "SYSAUX" ;
--------------------------------------------------------
--  Constraints for Table CAMPUS
--------------------------------------------------------

  ALTER TABLE "HR"."CAMPUS" MODIFY ("CAMPUS_ID" NOT NULL ENABLE);
  ALTER TABLE "HR"."CAMPUS" MODIFY ("CAMPUS_NAME" NOT NULL ENABLE);
  ALTER TABLE "HR"."CAMPUS" MODIFY ("STREET" NOT NULL ENABLE);
  ALTER TABLE "HR"."CAMPUS" MODIFY ("CITY" NOT NULL ENABLE);
  ALTER TABLE "HR"."CAMPUS" MODIFY ("STATE" NOT NULL ENABLE);
  ALTER TABLE "HR"."CAMPUS" MODIFY ("ZIP" NOT NULL ENABLE);
  ALTER TABLE "HR"."CAMPUS" MODIFY ("PHONE" NOT NULL ENABLE);
  ALTER TABLE "HR"."CAMPUS" MODIFY ("CAMPUS_DISCOUNT" NOT NULL ENABLE);
  ALTER TABLE "HR"."CAMPUS" ADD CONSTRAINT "CAMPUS_PK" PRIMARY KEY ("CAMPUS_ID")
  USING INDEX PCTFREE 10 INITRANS 2 MAXTRANS 255 
  STORAGE(INITIAL 65536 NEXT 1048576 MINEXTENTS 1 MAXEXTENTS 2147483645
  PCTINCREASE 0 FREELISTS 1 FREELIST GROUPS 1
  BUFFER_POOL DEFAULT FLASH_CACHE DEFAULT CELL_FLASH_CACHE DEFAULT)
  TABLESPACE "SYSAUX"  ENABLE;
--------------------------------------------------------
--  Constraints for Table POSITION
--------------------------------------------------------

  ALTER TABLE "HR"."POSITION" MODIFY ("POSITION_ID" NOT NULL ENABLE);
  ALTER TABLE "HR"."POSITION" ADD CONSTRAINT "POSITION_PK" PRIMARY KEY ("POSITION_ID")
  USING INDEX PCTFREE 10 INITRANS 2 MAXTRANS 255 
  STORAGE(INITIAL 65536 NEXT 1048576 MINEXTENTS 1 MAXEXTENTS 2147483645
  PCTINCREASE 0 FREELISTS 1 FREELIST GROUPS 1
  BUFFER_POOL DEFAULT FLASH_CACHE DEFAULT CELL_FLASH_CACHE DEFAULT)
  TABLESPACE "SYSAUX"  ENABLE;
  ALTER TABLE "HR"."POSITION" MODIFY ("POSITION" NOT NULL ENABLE);
--------------------------------------------------------
--  Constraints for Table MEMBERS
--------------------------------------------------------

  ALTER TABLE "HR"."MEMBERS" MODIFY ("MEMBER_ID" NOT NULL ENABLE);
  ALTER TABLE "HR"."MEMBERS" ADD CONSTRAINT "MEMBERS_PK" PRIMARY KEY ("MEMBER_ID")
  USING INDEX PCTFREE 10 INITRANS 2 MAXTRANS 255 
  STORAGE(INITIAL 65536 NEXT 1048576 MINEXTENTS 1 MAXEXTENTS 2147483645
  PCTINCREASE 0 FREELISTS 1 FREELIST GROUPS 1
  BUFFER_POOL DEFAULT FLASH_CACHE DEFAULT CELL_FLASH_CACHE DEFAULT)
  TABLESPACE "SYSAUX"  ENABLE;
  ALTER TABLE "HR"."MEMBERS" MODIFY ("LAST_NAME" NOT NULL ENABLE);
  ALTER TABLE "HR"."MEMBERS" MODIFY ("FIRST_NAME" NOT NULL ENABLE);
  ALTER TABLE "HR"."MEMBERS" MODIFY ("CAMPUS_ADDRESS" NOT NULL ENABLE);
  ALTER TABLE "HR"."MEMBERS" MODIFY ("CAMPUS_PHONE" NOT NULL ENABLE);
  ALTER TABLE "HR"."MEMBERS" MODIFY ("CAMPUS_ID" NOT NULL ENABLE);
  ALTER TABLE "HR"."MEMBERS" MODIFY ("POSITION_ID" NOT NULL ENABLE);
  ALTER TABLE "HR"."MEMBERS" MODIFY ("CONTRACT_DURATION" NOT NULL ENABLE);
--------------------------------------------------------
--  Constraints for Table PRICES
--------------------------------------------------------

  ALTER TABLE "HR"."PRICES" ADD CONSTRAINT "PRICE_PK" PRIMARY KEY ("FOOD_ITEM_TYPE_ID")
  USING INDEX PCTFREE 10 INITRANS 2 MAXTRANS 255 
  STORAGE(INITIAL 65536 NEXT 1048576 MINEXTENTS 1 MAXEXTENTS 2147483645
  PCTINCREASE 0 FREELISTS 1 FREELIST GROUPS 1
  BUFFER_POOL DEFAULT FLASH_CACHE DEFAULT CELL_FLASH_CACHE DEFAULT)
  TABLESPACE "SYSAUX"  ENABLE;
--------------------------------------------------------
--  Constraints for Table FOOD_ITEMS
--------------------------------------------------------

  ALTER TABLE "HR"."FOOD_ITEMS" MODIFY ("FOOD_ITEM_ID" NOT NULL ENABLE);
  ALTER TABLE "HR"."FOOD_ITEMS" ADD CONSTRAINT "FOOD_ITEMS_PK" PRIMARY KEY ("FOOD_ITEM_ID")
  USING INDEX PCTFREE 10 INITRANS 2 MAXTRANS 255 
  STORAGE(INITIAL 65536 NEXT 1048576 MINEXTENTS 1 MAXEXTENTS 2147483645
  PCTINCREASE 0 FREELISTS 1 FREELIST GROUPS 1
  BUFFER_POOL DEFAULT FLASH_CACHE DEFAULT CELL_FLASH_CACHE DEFAULT)
  TABLESPACE "SYSAUX"  ENABLE;
--------------------------------------------------------
--  Constraints for Table ORDERS
--------------------------------------------------------

  ALTER TABLE "HR"."ORDERS" MODIFY ("ORDER_ID" NOT NULL ENABLE);
  ALTER TABLE "HR"."ORDERS" ADD CONSTRAINT "ORDERS_PK" PRIMARY KEY ("ORDER_ID")
  USING INDEX PCTFREE 10 INITRANS 2 MAXTRANS 255 
  STORAGE(INITIAL 65536 NEXT 1048576 MINEXTENTS 1 MAXEXTENTS 2147483645
  PCTINCREASE 0 FREELISTS 1 FREELIST GROUPS 1
  BUFFER_POOL DEFAULT FLASH_CACHE DEFAULT CELL_FLASH_CACHE DEFAULT)
  TABLESPACE "SYSAUX"  ENABLE;
  ALTER TABLE "HR"."ORDERS" MODIFY ("MEMBER_ID" NOT NULL ENABLE);
  ALTER TABLE "HR"."ORDERS" MODIFY ("ORDER_DATE" NOT NULL ENABLE);
--------------------------------------------------------
--  Constraints for Table ORDER_LINE
--------------------------------------------------------

  ALTER TABLE "HR"."ORDER_LINE" MODIFY ("ORDER_ID" NOT NULL ENABLE);
  ALTER TABLE "HR"."ORDER_LINE" MODIFY ("FOOD_ITEMS_ID" NOT NULL ENABLE);
  ALTER TABLE "HR"."ORDER_LINE" MODIFY ("QUANTITY" NOT NULL ENABLE);
  ALTER TABLE "HR"."ORDER_LINE" ADD CONSTRAINT "ORDER_LINE_PK" PRIMARY KEY ("ORDER_ID", "FOOD_ITEMS_ID")
  USING INDEX PCTFREE 10 INITRANS 2 MAXTRANS 255 COMPUTE STATISTICS 
  STORAGE(INITIAL 65536 NEXT 1048576 MINEXTENTS 1 MAXEXTENTS 2147483645
  PCTINCREASE 0 FREELISTS 1 FREELIST GROUPS 1
  BUFFER_POOL DEFAULT FLASH_CACHE DEFAULT CELL_FLASH_CACHE DEFAULT)
  TABLESPACE "SYSAUX"  ENABLE;
--------------------------------------------------------
--  Ref Constraints for Table MEMBERS
--------------------------------------------------------

  ALTER TABLE "HR"."MEMBERS" ADD CONSTRAINT "MEMBERS_FK1" FOREIGN KEY ("POSITION_ID")
	  REFERENCES "HR"."POSITION" ("POSITION_ID") ENABLE;
--------------------------------------------------------
--  Ref Constraints for Table ORDERS
--------------------------------------------------------

  ALTER TABLE "HR"."ORDERS" ADD CONSTRAINT "ORDERS_FK1" FOREIGN KEY ("MEMBER_ID")
	  REFERENCES "HR"."MEMBERS" ("MEMBER_ID") ENABLE;
--------------------------------------------------------
--  Ref Constraints for Table ORDER_LINE
--------------------------------------------------------

  ALTER TABLE "HR"."ORDER_LINE" ADD CONSTRAINT "ORDER_LINE_FK2" FOREIGN KEY ("ORDER_ID")
	  REFERENCES "HR"."ORDERS" ("ORDER_ID") ENABLE;

--------------------------------------------------------
--Cau 1--
--------------------------------------------------------
select * from user_constraints;

--------------------------------------------------------
--Cau 2--
--------------------------------------------------------
select table_name from user_tables;

--------------------------------------------------------
--Cau 3--
--------------------------------------------------------
select * from user_sequences;

--------------------------------------------------------
--Cau 4--
--------------------------------------------------------
select m.first_name, m.last_name, p.position, c.campus_name, (p.yearly_membershipfree/ 12) as Monthly_Dues from members m 
join campus c on m.campus_id = c.campus_id
join position p on m.position_id = p.position_id
order by c.campus_name desc, m.last_name asc;
